{
  "name": "GET record",
  "form": "92c0ad29-ff22-4e85-ad92-59462ef930c5",
  "blocks": [
    {
      "id": "958c5733-71f6-4ba1-a1ba-4c820e951258",
      "label": "GET record - POST Request",
      "environment": "HOSTED",
      "presentation": "{\"w\":60,\"x\":-265,\"h\":60,\"y\":-116}",
      "step": "f59ba86c-3949-48b2-9534-f155116cb273",
      "stepType": "INTEGRATION"
    },
    {
      "id": "0d0d62ec-f46d-4acf-b6d4-856bcb6a3c8e",
      "label": "ServiceNow - Get Record",
      "environment": "HOSTED",
      "presentation": "{\"w\":60,\"x\":-111,\"h\":60,\"y\":-116}",
      "step": "9062b139-6f18-4498-81d0-46b4788b79aa",
      "stepType": "SCRIPT_STEP"
    }
  ],
  "edges": [
    {
      "fromBlock": "958c5733-71f6-4ba1-a1ba-4c820e951258",
      "fromPort": "output",
      "toBlock": "0d0d62ec-f46d-4acf-b6d4-856bcb6a3c8e",
      "toPort": "input"
    }
  ]
}