{
  "name": "Steps",
  "description": "",
  "blocks": [
    {
      "id": "f585786b-7015-4a72-8c33-e6968e40f6e1",
      "label": "ServiceNow - Get Recent Changes",
      "environment": "HOSTED",
      "presentation": "{\"w\":100,\"x\":16,\"h\":50,\"y\":-257}",
      "step": "52f607ea-8673-40bf-8d49-f3b370f05f49",
      "stepType": "SCRIPT_STEP",
      "inputMappings": [
        {
          "inputPort": "input",
          "mapping": "cmdb_ci.name",
          "stepInput": "32069a4f-3ae9-4267-84f4-6e142e35b4bc"
        },
        {
          "inputPort": "input",
          "mapping": "5",
          "stepInput": "cf88cf75-bde3-4b44-b9d8-42d224cd8899"
        },
        {
          "inputPort": "input",
          "mapping": "30",
          "stepInput": "1e16bbdf-5267-4787-88e4-92b7ec91ffca"
        }
      ]
    },
    {
      "id": "f30d0b6f-0d52-4ff6-b3c6-b23d49f9cef5",
      "label": "ServiceNow - Get Recent Incidents",
      "environment": "HOSTED",
      "presentation": "{\"w\":100,\"x\":-138,\"h\":50,\"y\":-262}",
      "step": "4da3cf8b-70d2-42e9-a340-e128f4ec8f4a",
      "stepType": "SCRIPT_STEP",
      "inputMappings": [
        {
          "inputPort": "input",
          "mapping": "cmdb_ci.name",
          "stepInput": "baa1384a-819f-4fe4-ad06-27ee5b1e7d6d"
        },
        {
          "inputPort": "input",
          "mapping": "5",
          "stepInput": "d4b06ed0-95d7-4cf1-ac10-1d1c8423e069"
        },
        {
          "inputPort": "input",
          "mapping": "30",
          "stepInput": "e5f617c9-50c5-49ef-bff6-cf84ba974f64"
        }
      ]
    },
    {
      "id": "afc90ad8-6585-45f4-9a61-32e94283908c",
      "label": "ServiceNow - Get Record",
      "environment": "HOSTED",
      "presentation": "{\"w\":100,\"x\":-266,\"h\":50,\"y\":-270}",
      "step": "f0ca63ae-bedd-4942-a741-f8cb5ffd56b6",
      "stepType": "SCRIPT_STEP",
      "inputMappings": [
        {
          "inputPort": "input",
          "mapping": "incident",
          "stepInput": "2311ee74-39ee-4bbd-85db-249ad26b3eda"
        },
        {
          "inputPort": "input",
          "mapping": "number",
          "stepInput": "650a3402-be54-4130-8bf4-5cc27825922b"
        },
        {
          "inputPort": "input",
          "mapping": "short_description",
          "stepInput": "2e8fd4a4-22c4-4d5e-9175-22bf01b31bb6"
        },
        {
          "inputPort": "input",
          "mapping": "priority",
          "stepInput": "638addec-b41d-49e8-8dcd-29ccfc01e1cf"
        },
        {
          "inputPort": "input",
          "mapping": "state",
          "stepInput": "5ce084b4-4a98-4997-bdd1-49fad39782a7"
        },
        {
          "inputPort": "input",
          "mapping": "description",
          "stepInput": "5e8d9c01-a434-4c14-a5a9-fb5bd23fe12b"
        }
      ]
    }
  ]
}