[
  {
    "id": "52f607ea-8673-40bf-8d49-f3b370f05f49",
    "name": "ServiceNow - Get Recent Changes",
    "description": "",
    "icon": "https://s3-xmatters-static.s3.amazonaws.com/null/customers/b37a4596-1e89-4b51-98cd-83844cf25f31/IMAGE__20210503200836201__ServiceNow_Logo.png",
    "script": "var propertyName = input['ServiceNow Property Name'];\nvar propertyValue = input['ServiceNow Property Value'];\n\nvar relatedChange = \"\";\nif (propertyName && propertyValue) {\n\n    var daysBack = 30;\n    if (input['Days Back'] && !isNaN(input['Days Back'])){\n        daysBack = input['Days Back'];\n    }\n    \n    var maxChanges = 5;\n    if (input['Max Changes'] && !isNaN(input['Max Changes'])){\n        maxChanges = input['Max Changes'];\n    }\n    \n    nowDate = new Date;\n    var now = formatDate(nowDate);\n    yesterdayDate = new Date(nowDate);\n    yesterdayDate.setDate(yesterdayDate.getDate() - daysBack);\n    var yesterday = formatDate(yesterdayDate);\n    \n    path = \"/api/now/table/change_request?sysparm_display_value=true\";\n    options = \"&sysparm_limit=\" + maxChanges;\n    options += \"&sysparm_query=ORDERBYDESCnumber\";\n    options += encodeURIComponent(\"^\") + encodeURIComponent(propertyName) + \"=\" + encodeURIComponent(propertyValue);\n    options += encodeURIComponent(\"^\") + \"sys_created_onBETWEEN\" + yesterday + \"@\" + now;\n    options += \"&sysparm_fields=number,short_description,sys_id,sys_created_on,assigned_to.name,assignment_group.name\";\n    \n    var request = http.request({\n        'endpoint': 'ServiceNow',\n        'method': 'GET',\n        'path': path + options,\n        'autoEncodeURI': false\n    });\n    \n    var response = request.write();\n    if (response.statusCode < 200 || response.statusCode > 299) {\n        console.log(\"ServiceNow returned response code \" + response.statusCode);\n        return null;\n    }\n    var json = JSON.parse(response.body);\n    \n    changes = json.result;\n\n    relatedChange = \"Recent Changes where <b>\" + propertyName + \" = \" + propertyValue + \"</b>:\\\\n\\\\n\";\n    for (var i = 0; i < changes.length; i++) {\n        relatedChange += \"<a href='\" + input['ServiceNow URL'] + \"/nav_to.do?uri=change_request.do?sys_id=\" + changes[i].number + \"'>\" + changes[i].number + \"</a> (\" + changes[i].sys_created_on + \")\\\\n\";\n        if (incidents[i][\"assigned_to.name\"] == null || incidents[i][\"assigned_to.name\"] == \"\") {\n            relatedChange += changes[i][\"assignment_group.name\"];\n        } else {\n            relatedChange += changes[i][\"assigned_to.name\"] + \" (\" + changes[i][\"assignment_group.name\"] + \")\";\n        }\n        let short_description = incidents[i].short_description;\n        let shortDesc_re = /\\n/gm;\n        short_description = short_description.replace(shortDesc_re, '\\\\n');\n        relatedChange += \"<p>\" + short_description + \"</p>\";\n    }\n} else {\n    relatedChange += \"Must provide ServiceNow Property Name and ServiceNow Property Value\";\n}\n\noutput['Recent Changes'] = relatedChange;\n\n\n\nfunction formatDate(dateValue){\n    let yearNow = dateValue.getUTCFullYear().toString();\n    let monthNow = (dateValue.getUTCMonth() + 1).toString();\n    if(monthNow.length == 1){\n        monthNow = '0' + monthNow;\n    }\n    let dayNow = dateValue.getUTCDate().toString();\n    if(dayNow.length == 1){\n        dayNow = '0' + dayNow;\n    }\n    let hoursNow = dateValue.getUTCHours().toString();\n    if(hoursNow.length == 1){\n        hoursNow = '0' + hoursNow;\n    }\n    let minutesNow = dateValue.getUTCMinutes().toString();\n    if(minutesNow.length == 1){\n        minutesNow = '0' + minutesNow;\n    }\n    let secondsNow = dateValue.getUTCSeconds().toString();\n    if(secondsNow.length == 1){\n        secondsNow = '0' + secondsNow;\n    }\n    \n    let timestamp = yearNow + '-' + monthNow + '-' + dayNow + '%20' + hoursNow + ':' + minutesNow + ':' + secondsNow;\n    return timestamp;\n}",
    "endpointAuthType": "SERVICENOW",
    "endpointLabel": "ServiceNow",
    "allowedEnvironment": "HOSTED",
    "accessibleByAll": "NotShared",
    "stage": "DEPLOYED",
    "scriptStepType": "USER",
    "inputs": [
      {
        "id": "32069a4f-3ae9-4267-84f4-6e142e35b4bc",
        "name": "ServiceNow Property Name",
        "helpText": "The ServiceNow property you want to search like cmdb_ci.name",
        "defaultValue": "cmdb_ci.name",
        "multiline": false,
        "required": false,
        "maxLength": 20000,
        "minLength": 0,
        "position": 0
      },
      {
        "id": "e06f74eb-f3db-4d08-a9b5-c88b3c18098e",
        "name": "ServiceNow Property Value",
        "helpText": "The value of the ServiceNow property you want to match",
        "defaultValue": "",
        "multiline": false,
        "required": false,
        "maxLength": 20000,
        "minLength": 0,
        "position": 1
      },
      {
        "id": "cf88cf75-bde3-4b44-b9d8-42d224cd8899",
        "name": "Max Changes",
        "helpText": "Max number of change records to return",
        "defaultValue": "5",
        "multiline": false,
        "required": false,
        "maxLength": 3,
        "minLength": 0,
        "position": 2
      },
      {
        "id": "1e16bbdf-5267-4787-88e4-92b7ec91ffca",
        "name": "Days Back",
        "helpText": "Number of days back to search for change records",
        "defaultValue": "30",
        "multiline": false,
        "required": false,
        "maxLength": 3,
        "minLength": 0,
        "position": 3
      },
      {
        "id": "c7fa1b9c-6f68-4625-8236-fd6fdb09f355",
        "name": "ServiceNow URL",
        "helpText": "Base URL for the ServiceNow instance used to build the links to the change records (https://<instance_name>.service-now.com)",
        "defaultValue": "",
        "multiline": false,
        "required": false,
        "maxLength": 20000,
        "minLength": 0,
        "position": 4
      }
    ],
    "outputs": [
      {
        "id": "9718e036-3636-4e8e-bec2-91465b627e74",
        "name": "Recent Changes",
        "description": "Recent change records that were found",
        "position": 0
      }
    ],
    "libraries": []
  },
  {
    "id": "4da3cf8b-70d2-42e9-a340-e128f4ec8f4a",
    "name": "ServiceNow - Get Recent Incidents",
    "description": "",
    "icon": "https://s3-xmatters-static.s3.amazonaws.com/null/customers/b37a4596-1e89-4b51-98cd-83844cf25f31/IMAGE__20210503200836201__ServiceNow_Logo.png",
    "script": "var propertyName = input['ServiceNow Property Name'];\nvar propertyValue = input['ServiceNow Property Value'];\n\nvar relatedText = \"\";\nif (propertyName && propertyValue) {\n    var daysBack = 30;\n    if (input['Days Back'] && !isNaN(input['Days Back'])){\n        daysBack = parseInt(input['Days Back']);\n    }\n    \n    var maxIncidents = 5;\n    if (input['Max Incidents'] && !isNaN(input['Max Incidents'])){\n        maxIncidents = parseInt(input['Max Incidents']);\n    }\n    \n    nowDate = new Date;\n    var now = formatDate(nowDate);\n    yesterdayDate = new Date(nowDate);\n    yesterdayDate.setDate(yesterdayDate.getDate() - daysBack);\n    var yesterday = formatDate(yesterdayDate);\n    \n    path = \"api/now/table/incident?\";\n    options = \"sysparm_limit=\" + maxIncidents;\n    options += \"&sysparm_query=ORDERBYDESCnumber\"; \n    options += encodeURIComponent(\"^\") + \"sys_created_onBETWEEN\" + yesterday + \"@\" + now;\n    options += encodeURIComponent(\"^\") + encodeURIComponent(propertyName) + \"=\" + encodeURIComponent(propertyValue);\n    if (input['Exclude Incident']){\n        options += encodeURIComponent(\"^\") + \"number!=\" + input['Exclude Incident'];\n    }\n    options += \"&sysparm_fields=assignment_group.name,number,short_description,sys_id,assigned_to.name,sys_created_on\";\n    \n    var request = http.request({\n        'endpoint': 'ServiceNow',\n        'method': 'GET',\n        'path': path + options,\n        'autoEncodeURI': false\n    });\n    \n    var response = request.write();\n    if (response.statusCode < 200 || response.statusCode > 299) {\n        console.log(\"ServiceNow returned response code \" + response.statusCode);\n        return null;\n    }\n    var json = JSON.parse(response.body);\n    \n    incidents = json.result;\n    \n    relatedText += \"Recent incidents where <b>\" + propertyName + \" = \" + propertyValue + \"</b>:\\\\n\\\\n\";\n    for (var i = 0; i < incidents.length; i++) {\n        relatedText += \"<a href='\" + input['ServiceNow URL'] + \"/nav_to.do?uri=incident.do?sys_id=\" + incidents[i].number + \"'>\" + incidents[i].number + \"</a> (\" + incidents[i].sys_created_on + \")\\\\n\";\n        if (incidents[i][\"assigned_to.name\"] == null || incidents[i][\"assigned_to.name\"] == \"\") {\n            relatedText += incidents[i][\"assignment_group.name\"];\n        } else {\n            relatedText += incidents[i][\"assigned_to.name\"] + \" (\" + incidents[i][\"assignment_group.name\"] + \")\";\n        }\n        let short_description = incidents[i].short_description;\n        let shortDesc_re = /\\n/gm;\n        short_description = short_description.replace(shortDesc_re, '\\\\n');\n        relatedText += \"<p>\" + short_description + \"</p>\";\n    }\n} else {\n    relatedText += \"Must provide ServiceNow Property Name and ServiceNow Property Value\";\n}\n\noutput['Recent Incidents'] = relatedText;\n\n\n\nfunction formatDate(dateValue){\n    let yearNow = dateValue.getUTCFullYear().toString();\n    let monthNow = (dateValue.getUTCMonth() + 1).toString();\n    if(monthNow.length == 1){\n        monthNow = '0' + monthNow;\n    }\n    let dayNow = dateValue.getUTCDate().toString();\n    if(dayNow.length == 1){\n        dayNow = '0' + dayNow;\n    }\n    let hoursNow = dateValue.getUTCHours().toString();\n    if(hoursNow.length == 1){\n        hoursNow = '0' + hoursNow;\n    }\n    let minutesNow = dateValue.getUTCMinutes().toString();\n    if(minutesNow.length == 1){\n        minutesNow = '0' + minutesNow;\n    }\n    let secondsNow = dateValue.getUTCSeconds().toString();\n    if(secondsNow.length == 1){\n        secondsNow = '0' + secondsNow;\n    }\n    \n    let timestamp = yearNow + '-' + monthNow + '-' + dayNow + '%20' + hoursNow + ':' + minutesNow + ':' + secondsNow;\n    return timestamp;\n}",
    "endpointAuthType": "SERVICENOW",
    "endpointLabel": "ServiceNow",
    "allowedEnvironment": "HOSTED",
    "accessibleByAll": "NotShared",
    "stage": "DEPLOYED",
    "scriptStepType": "USER",
    "inputs": [
      {
        "id": "baa1384a-819f-4fe4-ad06-27ee5b1e7d6d",
        "name": "ServiceNow Property Name",
        "helpText": "The ServiceNow incident property you want to search like cmdb_ci.name",
        "defaultValue": "cmdb_ci.name",
        "multiline": false,
        "required": false,
        "maxLength": 20000,
        "minLength": 0,
        "position": 0
      },
      {
        "id": "e09455ee-746b-4816-b075-f9150bceff24",
        "name": "ServiceNow Property Value",
        "helpText": "The value of the ServiceNow incident property you want to match",
        "defaultValue": "",
        "multiline": false,
        "required": false,
        "maxLength": 20000,
        "minLength": 0,
        "position": 1
      },
      {
        "id": "d4b06ed0-95d7-4cf1-ac10-1d1c8423e069",
        "name": "Max Incidents",
        "helpText": "Max number of incidents to return",
        "defaultValue": "5",
        "multiline": false,
        "required": false,
        "maxLength": 3,
        "minLength": 0,
        "position": 2
      },
      {
        "id": "e5f617c9-50c5-49ef-bff6-cf84ba974f64",
        "name": "Days Back",
        "helpText": "Number of days back to search for related incidents",
        "defaultValue": "30",
        "multiline": false,
        "required": false,
        "maxLength": 3,
        "minLength": 0,
        "position": 3
      },
      {
        "id": "b4c75c11-3c14-4c1a-b94c-032b87794e8e",
        "name": "Exclude Incident",
        "helpText": "Incident number to exclude from the results",
        "defaultValue": "",
        "multiline": false,
        "required": false,
        "maxLength": 2000,
        "minLength": 0,
        "position": 4
      },
      {
        "id": "1f613816-bfc2-435a-bac8-f13173bd7bcf",
        "name": "ServiceNow URL",
        "helpText": "Base URL for the ServiceNow instance used to build the links to the incident records (https://<instance_name>.service-now.com)",
        "defaultValue": "",
        "multiline": false,
        "required": false,
        "maxLength": 20000,
        "minLength": 0,
        "position": 5
      }
    ],
    "outputs": [
      {
        "id": "6c036651-a765-4a03-8bcd-235b6992a9a8",
        "name": "Recent Incidents",
        "description": "Recent incidents that were found",
        "position": 0
      }
    ],
    "libraries": []
  },
  {
    "id": "f0ca63ae-bedd-4942-a741-f8cb5ffd56b6",
    "name": "ServiceNow - Get Record",
    "description": "Get a record from ServiceNow",
    "icon": "https://s3-xmatters-static.s3.amazonaws.com/null/customers/b37a4596-1e89-4b51-98cd-83844cf25f31/IMAGE__20210503200836201__ServiceNow_Logo.png",
    "script": "// SN GET Incident step\n\n//var RETURN_FIELDS = ['sys_id', 'assignment_group'];\n\n// Get the sys_id passed in. \nvar recordId = input['sys_id'];\nvar table = input['Table'];\n\n// Build request object to request from ServiceNow the incident. \nvar getRequest = http.request({\n  endpoint: 'ServiceNow',\n  method: 'GET',\n  path: 'api/now/v1/table/' + table + '/' + recordId + '?sysparm_exclude_reference_link=true&sysparm_input_display_value=false' //&sysparm_fields=' + RETURN_FIELDS.join(',')\n});\n\n// We send the request to ServiceNow\nvar response = getRequest.write();\n\n// Grab the output stored in the body and JSON parse it. \nvar body = JSON.parse( response.body );\n\nvar valid = function(input, obj) {\n    if (input in obj) {\n        return true;\n    }\n    return false;\n}\n\nvar set_output = function(input, obj, outval) {\n    if (valid(input, obj)) {\n        output[outval] = obj[input];\n    } else {\n        if (input !== undefined) {\n            output[outval] = \"invalid column name\";\n        }\n    }\n}\n\nif (response.statusCode >= 200 && response.statusCode < 300) {\n    console.log('Successfully retrieved record with sys_id = ' + recordId + ' from table ' + table + '.');\n    console.log(body);\n    output['Raw Record'] = body;\n    result = body['result'];\n    set_output(input[\"Output 1 Column Name\"], result, \"Output 1\");\n    set_output(input[\"Output 2 Column Name\"], result, \"Output 2\");\n    set_output(input[\"Output 3 Column Name\"], result, \"Output 3\");\n    set_output(input[\"Output 4 Column Name\"], result, \"Output 4\");\n    set_output(input[\"Output 5 Column Name\"], result, \"Output 5\");\n\n} else {\n  console.log(JSON.stringify(response, null, 2));\n  throw new Error('Failed to retrieve record with sys_id = ' + recordId + ' from table ' + table + ': ' + response.statusCode);\n}",
    "endpointAuthType": "SERVICENOW",
    "endpointLabel": "ServiceNow",
    "allowedEnvironment": "HOSTED",
    "accessibleByAll": "NotShared",
    "stage": "DEPLOYED",
    "scriptStepType": "USER",
    "inputs": [
      {
        "id": "85f01a55-f611-40a2-a39b-96c55b3d6ec1",
        "name": "sys_id",
        "helpText": "ServiceNow record sys_id",
        "defaultValue": "",
        "multiline": false,
        "required": true,
        "validationRegex": "",
        "maxLength": 2000,
        "minLength": 0,
        "position": 0
      },
      {
        "id": "2311ee74-39ee-4bbd-85db-249ad26b3eda",
        "name": "Table",
        "helpText": "SericeNow table name",
        "defaultValue": "incident",
        "multiline": false,
        "required": true,
        "validationRegex": "",
        "maxLength": 2000,
        "minLength": 0,
        "position": 1
      },
      {
        "id": "650a3402-be54-4130-8bf4-5cc27825922b",
        "name": "Output 1 Column Name",
        "helpText": "Name of ServiceNow table column that's value should go to output Output 1",
        "defaultValue": "number",
        "multiline": false,
        "required": false,
        "validationRegex": "",
        "maxLength": 2000,
        "minLength": 0,
        "position": 2
      },
      {
        "id": "2e8fd4a4-22c4-4d5e-9175-22bf01b31bb6",
        "name": "Output 2 Column Name",
        "helpText": "Name of ServiceNow table column that's value should go to output Output 2",
        "defaultValue": "short_description",
        "multiline": false,
        "required": false,
        "validationRegex": "",
        "maxLength": 2000,
        "minLength": 0,
        "position": 3
      },
      {
        "id": "638addec-b41d-49e8-8dcd-29ccfc01e1cf",
        "name": "Output 3 Column Name",
        "helpText": "Name of ServiceNow table column that's value should go to output Output 3",
        "defaultValue": "priority",
        "multiline": false,
        "required": false,
        "validationRegex": "",
        "maxLength": 2000,
        "minLength": 0,
        "position": 4
      },
      {
        "id": "5ce084b4-4a98-4997-bdd1-49fad39782a7",
        "name": "Output 4 Column Name",
        "helpText": "Name of ServiceNow table column that's value should go to output Output 4",
        "defaultValue": "state",
        "multiline": false,
        "required": false,
        "validationRegex": "",
        "maxLength": 2000,
        "minLength": 0,
        "position": 5
      },
      {
        "id": "5e8d9c01-a434-4c14-a5a9-fb5bd23fe12b",
        "name": "Output 5 Column Name",
        "helpText": "Name of ServiceNow table column that's value should go to output Output 5",
        "defaultValue": "description",
        "multiline": false,
        "required": false,
        "validationRegex": "",
        "maxLength": 2000,
        "minLength": 0,
        "position": 6
      }
    ],
    "outputs": [
      {
        "id": "5d22f024-b054-4a24-b7d7-3f0c3df5a18f",
        "name": "Raw Record",
        "description": "Raw value of returned record",
        "position": 0
      },
      {
        "id": "e22be4f6-f846-4519-8482-9a695572f659",
        "name": "Output 1",
        "description": "",
        "position": 1
      },
      {
        "id": "5a8bcba8-9ae0-4e59-96a4-377d5b5b56eb",
        "name": "Output 2",
        "description": "",
        "position": 2
      },
      {
        "id": "5139374f-927d-4f5c-bb49-d214111c0ce9",
        "name": "Output 3",
        "description": "",
        "position": 3
      },
      {
        "id": "b3826c24-e8dc-41f0-81b9-9877637b1dd9",
        "name": "Output 4",
        "description": "",
        "position": 4
      },
      {
        "id": "31ade7e7-24b5-46f8-8175-aa38d834cb20",
        "name": "Output 5",
        "description": "",
        "position": 5
      }
    ],
    "libraries": []
  }
]