[
  {
    "id": "e19d30cf-cca5-4828-8bcb-bd44bc4a9082",
    "name": "POST Request",
    "description": "",
    "icon": "/static/images/script_steps/http-trigger.png",
    "script": "/******************************************************************************\n* Custom HTTP Triggers\n*\n* Using an HTTP trigger lets you start a flow with a simple HTTP call.\n*\n* Each HTTP trigger is authenticated independently, which allows you to use it\n* without storing the login credentials of your xMatters account in an\n* external system.\n*\n* When you create a new HTTP trigger, the script only brings what is included in the payload.\n* This means properties from the form are not available as outputs. You need to map properties\n* from the request to the trigger outputs to use these properties in steps in your flow.\n*\n* The following sample code shows how to parse the payload from an incoming HTTP\n* request, then extract information from the payload and map it to outputs.\n* You can use it as a template and then customize it to work with your integration.\n*\n* For help creating HTTP triggers, see https://help.xmatters.com/ondemand/#cshid=FlowTriggersHTTP\n*/\n \n/**\n* Parse incoming data\n*\n* Typically, data is passed into an HTTP trigger as XML or JSON in the request\n* body, but you can represent the data in another format or include it as a query\n* parameter appended to the URL.\n*\n* The script's built-in request object enables you to access elements of the\n* request, including the payload contained in the request body and any URL\n* parameters. The following code snippets show how to retrieve these values.\n* Choose the option that matches how your system includes data in the request to\n* the HTTP trigger.\n*/\n//var payload = JSON.parse(request.body);  //Use this if the payload is a JSON object in the request body\n//var payload = JXON.parse(request.body);  //Use this if the payload is XML in the request body\n//var payload = request.parameters;        //Use this if the payload is in a query parameter\n \n/******************************************************************************\n* This example shows how to read a ticket number and summary from an incoming JSON\n* payload and map the information to the Ticket ID and Ticket Title outputs of the trigger.\n*\n* The ticket number and summary are passed to the HTTP trigger as a JSON object in the\n* request body.\n*\n* To run this example, uncomment the sample code and run the provided cURL command\n* to target the trigger, including ticket number and summary values in the JSON payload.\n* (Replace 'username' with your user name and the provided URL with the\n* URL from the HTTP trigger's Settings tab.)\n*\n* curl -H \"Content-Type: application/json\" -- user username -X POST -d\n* '{\n*    \"ticket number\" : \"1072128190001\",\n*    \"summary\": \"Web App registration is down\"\n* }' \"https://acmeco.xmatters.com/api/integrations/1/functions/1dc...fe0/triggers\"\n******************************************************************************/\n \n/**\n* Parse the request body (which contains a JSON object) and extract the payload data.\n*/\n//var payload = JSON.parse(request.body);\n//output['Ticket Title'] = payload.summary;\n//output['Ticket ID'] = payload['ticket number'];\n \n/**\n* Logging\n* To write messages to the Activity Stream, use console.log().\n*/\n//console.log('Finished running HTTP Trigger script.');",
    "endpointLabel": "",
    "allowedEnvironment": "HOSTED",
    "accessibleByAll": "NotShared",
    "triggerAuthType": "URL_AUTH",
    "scriptStepType": "CUSTOM_HTTP",
    "inputs": [],
    "outputs": [],
    "libraries": []
  },
  {
    "id": "9062b139-6f18-4498-81d0-46b4788b79aa",
    "name": "ServiceNow - Get Record",
    "description": "Get a record from ServiceNow",
    "icon": "https://s3-xmatters-static.s3.amazonaws.com/null/customers/aa4ff4cd-06da-460c-b2d0-bb34ad66da69/IMAGE__20200212224752422__servicenow.png",
    "script": "// SN GET Incident step\n\n//var RETURN_FIELDS = ['sys_id', 'assignment_group'];\n\n// Get the sys_id passed in. \nvar incidentId = input['sys_id'];\nvar table = input['table'];\n\n// Build request object to request from ServiceNow the incident. \nvar getRequest = http.request({\n  endpoint: 'ServiceNow',\n  method: 'GET',\n  path: 'api/now/v1/table/' + table + '/' + incidentId + '?sysparm_exclude_reference_link=true&sysparm_input_display_value=false' //&sysparm_fields=' + RETURN_FIELDS.join(',')\n});\n\n// We send the request to ServiceNow\nvar response = getRequest.write();\n\n// Grab the output stored in the body and JSON parse it. \nvar body = JSON.parse( response.body );\n\nvar valid = function(input, obj) {\n    if (input in obj) {\n        return true;\n    }\n    return false;\n}\n\nvar set_output = function(input, obj, outval) {\n    if (valid(input, obj)) {\n        output[outval] = obj[input];\n    } else {\n        if (input !== undefined) {\n            output[outval] = \"invalid input\";\n        }\n    }\n}\n\nif (response.statusCode >= 200 && response.statusCode < 300) {\n    console.log('Successfully retrieved incident with sys_id = ' + incidentId + '.');\n    console.log(body);\n    output['record'] = body;\n    result = body['result'];\n    set_output(input[\"input_0\"], result, \"output_0\");\n    set_output(input[\"input_1\"], result, \"output_1\");\n    set_output(input[\"input_2\"], result, \"output_2\");\n    set_output(input[\"input_3\"], result, \"output_3\");\n    set_output(input[\"input_4\"], result, \"output_4\");\n\n} else {\n  console.log(JSON.stringify(response, null, 2));\n  throw new Error('Failed to retrieve incident with sys_id = ' + incidentId + ': ' + response.statusCode);\n}",
    "endpointAuthType": "BASIC",
    "endpointLabel": "ServiceNow",
    "allowedEnvironment": "HOSTED",
    "accessibleByAll": "NotShared",
    "scriptStepType": "USER",
    "inputs": [
      {
        "id": "272aba6c-0841-4b9a-9732-73ddad799c29",
        "name": "sys_id",
        "helpText": "Incident ID",
        "defaultValue": "",
        "multiline": false,
        "required": true,
        "validationRegex": "",
        "maxLength": 2000,
        "minLength": 0,
        "position": 0
      },
      {
        "id": "787c4e8a-0a32-4cc2-9af3-04c147f7730f",
        "name": "table",
        "helpText": "Table name",
        "defaultValue": "",
        "multiline": false,
        "required": true,
        "validationRegex": "",
        "maxLength": 2000,
        "minLength": 0,
        "position": 1
      },
      {
        "id": "c9eee70f-efd1-40ff-a9dd-16b4600c356c",
        "name": "input_0",
        "helpText": "Name of field to return to output_0",
        "defaultValue": "",
        "multiline": false,
        "required": false,
        "maxLength": 2000,
        "minLength": 0,
        "position": 2
      },
      {
        "id": "ab3324de-170f-4fcf-adf9-d84d68226a34",
        "name": "input_1",
        "helpText": "Name of field to return to output_1",
        "defaultValue": "",
        "multiline": false,
        "required": false,
        "maxLength": 2000,
        "minLength": 0,
        "position": 3
      },
      {
        "id": "717d8864-beaa-433b-a995-746c2111e477",
        "name": "input_2",
        "helpText": "Name of field to return to output_2",
        "defaultValue": "",
        "multiline": false,
        "required": false,
        "maxLength": 2000,
        "minLength": 0,
        "position": 4
      },
      {
        "id": "3ccbf1b8-af79-467b-a95f-3e01766ab99b",
        "name": "input_3",
        "helpText": "Name of field to return to output_3",
        "defaultValue": "",
        "multiline": false,
        "required": false,
        "maxLength": 2000,
        "minLength": 0,
        "position": 5
      },
      {
        "id": "44aa3eec-2f0c-417c-9508-df0823667e02",
        "name": "input_4",
        "helpText": "Name of field to return to output_4",
        "multiline": false,
        "required": false,
        "maxLength": 2000,
        "minLength": 0,
        "position": 6
      }
    ],
    "outputs": [
      {
        "id": "4fc1c55e-78df-47c7-b50b-2a9697268889",
        "name": "record",
        "description": "",
        "position": 0
      },
      {
        "id": "ba5ff6c8-632e-4937-b01f-81bd5e035b56",
        "name": "output_0",
        "position": 1
      },
      {
        "id": "86cfa78c-5bc9-4419-8971-af8fab1c9a29",
        "name": "output_1",
        "position": 2
      },
      {
        "id": "fc9e7fef-8909-4828-ad9e-f1b1edf774f5",
        "name": "output_2",
        "position": 3
      },
      {
        "id": "ec977a73-1eee-4ba4-8516-c233a4a0e9ca",
        "name": "output_3",
        "position": 4
      },
      {
        "id": "59963acd-dccd-4c10-8928-d30459576c93",
        "name": "output_4",
        "position": 5
      }
    ],
    "libraries": []
  }
]