[
  {
    "id": "e19d30cf-cca5-4828-8bcb-bd44bc4a9082",
    "name": "POST Request",
    "description": "",
    "icon": "/static/images/script_steps/http-trigger.png",
    "script": "/******************************************************************************\n* Custom HTTP Triggers\n*\n* Using an HTTP trigger lets you start a flow with a simple HTTP call.\n*\n* Each HTTP trigger is authenticated independently, which allows you to use it\n* without storing the login credentials of your xMatters account in an\n* external system.\n*\n* When you create a new HTTP trigger, the script only brings what is included in the payload.\n* This means properties from the form are not available as outputs. You need to map properties\n* from the request to the trigger outputs to use these properties in steps in your flow.\n*\n* The following sample code shows how to parse the payload from an incoming HTTP\n* request, then extract information from the payload and map it to outputs.\n* You can use it as a template and then customize it to work with your integration.\n*\n* For help creating HTTP triggers, see https://help.xmatters.com/ondemand/#cshid=FlowTriggersHTTP\n*/\n \n/**\n* Parse incoming data\n*\n* Typically, data is passed into an HTTP trigger as XML or JSON in the request\n* body, but you can represent the data in another format or include it as a query\n* parameter appended to the URL.\n*\n* The script's built-in request object enables you to access elements of the\n* request, including the payload contained in the request body and any URL\n* parameters. The following code snippets show how to retrieve these values.\n* Choose the option that matches how your system includes data in the request to\n* the HTTP trigger.\n*/\n//var payload = JSON.parse(request.body);  //Use this if the payload is a JSON object in the request body\n//var payload = JXON.parse(request.body);  //Use this if the payload is XML in the request body\n//var payload = request.parameters;        //Use this if the payload is in a query parameter\n \n/******************************************************************************\n* This example shows how to read a ticket number and summary from an incoming JSON\n* payload and map the information to the Ticket ID and Ticket Title outputs of the trigger.\n*\n* The ticket number and summary are passed to the HTTP trigger as a JSON object in the\n* request body.\n*\n* To run this example, uncomment the sample code and run the provided cURL command\n* to target the trigger, including ticket number and summary values in the JSON payload.\n* (Replace 'username' with your user name and the provided URL with the\n* URL from the HTTP trigger's Settings tab.)\n*\n* curl -H \"Content-Type: application/json\" -- user username -X POST -d\n* '{\n*    \"ticket number\" : \"1072128190001\",\n*    \"summary\": \"Web App registration is down\"\n* }' \"https://acmeco.xmatters.com/api/integrations/1/functions/1dc...fe0/triggers\"\n******************************************************************************/\n \n/**\n* Parse the request body (which contains a JSON object) and extract the payload data.\n*/\n//var payload = JSON.parse(request.body);\n//output['Ticket Title'] = payload.summary;\n//output['Ticket ID'] = payload['ticket number'];\n \n/**\n* Logging\n* To write messages to the Activity Stream, use console.log().\n*/\n//console.log('Finished running HTTP Trigger script.');",
    "allowedEnvironment": "HOSTED",
    "accessibleByAll": "NotShared",
    "triggerAuthType": "URL_AUTH",
    "scriptStepType": "CUSTOM_HTTP",
    "inputs": [],
    "outputs": [],
    "libraries": []
  },
  {
    "id": "9062b139-6f18-4498-81d0-46b4788b79aa",
    "name": "ServiceNow - Get Record",
    "description": "Get a record from ServiceNow",
    "icon": "https://s3-xmatters-static.s3.amazonaws.com/null/customers/aa4ff4cd-06da-460c-b2d0-bb34ad66da69/IMAGE__20200212224752422__servicenow.png",
    "script": "// SN GET Incident step\n\n//var RETURN_FIELDS = ['sys_id', 'assignment_group'];\n\n// Get the sys_id passed in. \nvar incidentId = input['sys_id'];\nvar table = input['table'];\n\n// Build request object to request from ServiceNow the incident. \nvar getRequest = http.request({\n  endpoint: 'ServiceNow',\n  method: 'GET',\n  path: 'api/now/v1/table/' + table + '/' + incidentId + '?sysparm_exclude_reference_link=true&sysparm_input_display_value=false' //&sysparm_fields=' + RETURN_FIELDS.join(',')\n});\n\n// We send the request to ServiceNow\nvar response = getRequest.write();\n\n// Grab the output stored in the body and JSON parse it. \nvar body = JSON.parse( response.body );\n\nif (response.statusCode >= 200 && response.statusCode < 300) {\n  console.log('Successfully retrieved incident with sys_id = ' + incidentId + '.');\n  console.log(body);\n  output['sys_id'] = incidentId;\n  output['record'] = body;\n  //output['Assigned To'] = body.result.assigned_to;\n} else {\n  console.log(JSON.stringify(response, null, 2));\n  throw new Error('Failed to retrieve incident with sys_id = ' + incidentId + ': ' + response.statusCode);\n}",
    "endpointAuthType": "BASIC",
    "endpointLabel": "ServiceNow",
    "allowedEnvironment": "HOSTED",
    "accessibleByAll": "NotShared",
    "scriptStepType": "USER",
    "inputs": [
      {
        "id": "272aba6c-0841-4b9a-9732-73ddad799c29",
        "name": "sys_id",
        "helpText": "Incident ID",
        "multiline": false,
        "required": true,
        "maxLength": 2000,
        "minLength": 0,
        "position": 0
      },
      {
        "id": "787c4e8a-0a32-4cc2-9af3-04c147f7730f",
        "name": "table",
        "helpText": "Table name",
        "multiline": false,
        "required": true,
        "maxLength": 2000,
        "minLength": 0,
        "position": 1
      }
    ],
    "outputs": [
      {
        "id": "d4ebf4c4-f9bb-4fef-83b3-d9db0058569b",
        "name": "sys_id",
        "position": 0
      },
      {
        "id": "4fc1c55e-78df-47c7-b50b-2a9697268889",
        "name": "record",
        "position": 1
      }
    ],
    "libraries": []
  }
]